id,title,field_first_name,field_second_name,field_gender,field_birth_date,field_health_center,field_birth_date_estimated,field_hmis_number,field_marital_status,field_education_level,field_ubudehe,field_province,field_district,field_sector,field_cell,field_village,field_hiv_status,field_mode_of_delivery,field_number_of_children,field_photo,field_national_id_number,field_phone_number
28,Metz Luella,Luella,Metz,female,1995-12-31,6,,,,,,,,,,,,,,5.jpg,1199270108409608,0786585030
30,Labadie Rosalinda,Rosalinda,Labadie,female,1997-01-31,6,,,,,,,,,,,,,,5.jpg,1199270134301815,0718545108
32,Mann Lavinia,Lavinia,Mann,female,1998-05-01,6,,,,,,,,,,,,,,5.jpg,1199270170707381,0773545038
36,Moore Juliet,Juliet,Moore,female,1995-02-04,6,,,,,,,,,,,,,,4.jpg,1199270176383968,0748235428
38,Stehr Jaclyn,Jaclyn,Stehr,female,1987-02-02,7,,,,,,,,,,,,,,2.jpg,1199270178618951,0703251561
40,Klocko Kenya,Kenya,Klocko,female,1988-01-03,7,,,,,,,,,,,,,,1.jpg,1199270106129872,0702788946
42,Daugherty Katelynn,Katelynn,Daugherty,female,1992-02-05,7,,,,,,,,,,,,,,1.jpg,1199270163649088,0740124661
44,Greenfelder Janice,Janice,Greenfelder,female,1984-01-04,7,,,,,,,,,,,,,,2.jpg,1199270191333936,0753100309
46,Koepp Maria,Maria,Koepp,female,1988-03-02,7,,,,,,,,,,,,,,1.jpg,1199270114288673,0738429704
48,Kuphal Treva,Treva,Kuphal,female,1997-02-04,7,,,,,,,,,,,,,,2.jpg,1199270192474378,0756450570
50,Wilderman Adah,Adah,Wilderman,female,1996-01-03,7,,,,,,,,,,,,,,2.jpg,1199270172907584,0761356099
52,Goldner Priscilla,Priscilla,Goldner,female,1987-08-08,6,,,,,,,,,,,,,,2.jpg,1199270104991121,0702001132
54,Steuber Imogene,Imogene,Steuber,female,1992-01-03,6,,,,,,,,,,,,,,3.jpg,1199270153929427,0749624764
56,Greenfelder Danyka,Danyka,Greenfelder,female,1992-01-03,6,,,,,,,,,,,,,,3.jpg,1199270111599666,0798742743
58,Littel Ashtyn,Ashtyn,Littel,female,1992-01-03,6,,,,,,,,,,,,,,1.jpg,1199270138361450,0767634536
60,Kovacek Alessia,Alessia,Kovacek,female,1992-01-03,6,,,,,,,,,,,,,,2.jpg,1199270157752060,0777460875
62,Klein Keely,Keely,Klein,female,1992-01-03,6,,,,,,,,,,,,,,4.jpg,1199270129300941,0743631858
64,Wiegand Anissa,Anissa,Wiegand,female,1992-01-03,6,,,,,,,,,,,,,,5.jpg,1199270184022630,0728221465
66,Lind Georgiana,Georgiana,Lind,female,1992-01-03,6,,,,,,,,,,,,,,2.jpg,1199270132754378,0785016684
68,Bode Elena,Elena,Bode,female,1992-01-03,6,,,,,,,,,,,,,,3.jpg,1199270194492383,0786579254
70,Crist Joy,Joy,Crist,female,1992-01-03,6,,,,,,,,,,,,,,1.jpg,1199270184273478,0767634204
72,Sauer Yazmin,Yazmin,Sauer,female,1992-01-03,6,,,,,,,,,,,,,,3.jpg,1199270140207944,0763166829
74,Schoen Bernadine,Bernadine,Schoen,female,1992-01-03,7,,,,,,,,,,,,,,5.jpg,1199270169833797,0755004222
76,Zulauf Graciela,Graciela,Zulauf,female,1992-01-03,7,,,,,,,,,,,,,,1.jpg,1199270173234814,0745608939
78,Daniel Zelma,Zelma,Daniel,female,1992-01-03,7,,,,,,,,,,,,,,5.jpg,1199270121687599,0767081885
80,Gutmann Aliya,Aliya,Gutmann,female,1992-01-03,7,,,,,,,,,,,,,,5.jpg,1199270161402696,0787005165
82,Zieme Millie,Millie,Zieme,female,1992-01-03,7,,,,,,,,,,,,,,4.jpg,1199270193274417,0784754574
84,Robel Rachel,Rachel,Robel,female,1992-01-03,7,,,,,,,,,,,,,,1.jpg,1199270195149711,0769518097
86,Murazik Erica,Erica,Murazik,female,1992-01-03,7,,,,,,,,,,,,,,2.jpg,1199270193459057,0715491427
88,Feest Ida,Ida,Feest,female,1992-01-03,7,,,,,,,,,,,,,,3.jpg,1199270143405170,0734010765
90,Graham Eliza,Eliza,Graham,female,1992-01-03,7,,,,,,,,,,,,,,3.jpg,1199270139474309,0710101940
92,Grady Kiarra,Kiarra,Grady,female,1992-01-03,7,,,,,,,,,,,,,,2.jpg,1199270167669229,0759124631
94,Mayer Bernadine,Bernadine,Mayer,female,1992-01-03,7,,,,,,,,,,,,,,5.jpg,1199270176433145,0768258320
96,Gerlach Hildegard,Hildegard,Gerlach,female,1992-01-03,6,,,,,,,,,,,,,,1.jpg,1199270106385616,0707977340
98,Ebert Kasey,Kasey,Ebert,female,1992-01-03,6,,,,,,,,,,,,,,4.jpg,1199270171105147,0757166061
100,Gulgowski Roberta,Roberta,Gulgowski,female,1992-01-03,6,,,,,,,,,,,,,,1.jpg,1199270127459136,0768771653
102,Reichel Gail,Gail,Reichel,female,1992-01-03,6,,,,,,,,,,,,,,3.jpg,1199270147722434,0707233055
104,Sawayn Kaylin,Kaylin,Sawayn,female,1992-01-03,6,,,,,,,,,,,,,,3.jpg,1199270171080933,0718953092
106,Littel Matilda,Matilda,Littel,female,1992-01-03,6,,,,,,,,,,,,,,1.jpg,1199270170196422,0705686626
108,Jacobi Queen,Queen,Jacobi,female,1992-01-03,6,,,,,,,,,,,,,,2.jpg,1199270114217085,0732723300
110,Wintheiser Karen,Karen,Wintheiser,female,1992-01-03,6,,,,,,,,,,,,,,5.jpg,1199270158731328,0740062522
112,Beahan Ashlynn,Ashlynn,Beahan,female,1992-01-03,6,,,,,,,,,,,,,,4.jpg,1199270186503751,0787154314
29,Kessler Duncan,Duncan,Kessler,male,2018-09-26,6,,,,,,,,,,,,,,2.jpg,1199270194864932,0772294827
31,Ritchie Savanah,Savanah,Ritchie,female,2018-09-30,6,,,,,,,,,,,,,,3.jpg,1199270147736857,0734657809
33,Robel Francisco,Francisco,Robel,male,2018-07-05,6,,,,,,,,,,,,,,4.jpg,1199270124293843,0781806882
37,Kshlerin Hertha,Hertha,Kshlerin,female,2018-08-01,6,,,,,,,,,,,,,,3.jpg,1199270100314015,0754172870
39,Morar Aurelie,Aurelie,Morar,female,2018-02-04,7,,,,,,,,,,,,,,2.jpg,1199270148719693,0745480048
41,Osinski Halie,Halie,Osinski,female,2018-09-01,7,,,,,,,,,,,,,,5.jpg,1199270184300378,0781783640
43,Morissette Alena,Alena,Morissette,female,2018-04-05,7,,,,,,,,,,,,,,1.jpg,1199270126073291,0788664849
45,Zulauf Alexa,Alexa,Zulauf,female,2018-10-01,7,,,,,,,,,,,,,,5.jpg,1199270175521624,0728371283
47,Lesch Carmella,Carmella,Lesch,female,2018-03-04,7,,,,,,,,,,,,,,2.jpg,1199270169957029,0799720308
49,Dooley Vanessa,Vanessa,Dooley,female,2018-03-08,7,,,,,,,,,,,,,,4.jpg,1199270144532855,0797501308
51,Schulist Mellie,Mellie,Schulist,female,2018-09-09,7,,,,,,,,,,,,,,1.jpg,1199270114586148,0785286923
53,Raynor Bianka,Bianka,Raynor,female,2018-06-01,6,,,,,,,,,,,,,,2.jpg,1199270159966939,0724082110
55,Dickinson Alanna,Alanna,Dickinson,female,2018-04-06,6,,,,,,,,,,,,,,3.jpg,1199270161779435,0704611377
57,Donnelly Destiny,Destiny,Donnelly,female,2018-09-01,6,,,,,,,,,,,,,,1.jpg,1199270177680138,0733075646
59,Harber Domenica,Domenica,Harber,female,2018-07-05,6,,,,,,,,,,,,,,2.jpg,1199270101609877,0723589669
61,Halvorson Gisselle,Gisselle,Halvorson,female,2018-01-01,6,,,,,,,,,,,,,,5.jpg,1199270192580704,0738673628
63,Bode Hannah,Hannah,Bode,female,2018-09-01,6,,,,,,,,,,,,,,1.jpg,1199270143297966,0799034113
65,Hoeger Katrina,Katrina,Hoeger,female,2018-02-04,6,,,,,,,,,,,,,,5.jpg,1199270160544451,0710930813
67,Wiegand Polly,Polly,Wiegand,female,2018-07-01,6,,,,,,,,,,,,,,2.jpg,1199270106956321,0794290272
69,Reichert Janiya,Janiya,Reichert,female,2018-02-06,6,,,,,,,,,,,,,,1.jpg,1199270128466828,0776153817
71,Jaskolski Kendra,Kendra,Jaskolski,female,2018-09-05,6,,,,,,,,,,,,,,2.jpg,1199270134409930,0767170784
73,Funk Dax,Dax,Funk,male,2018-02-07,6,,,,,,,,,,,,,,3.jpg,1199270128828251,0710586376
75,Hermiston Mackenzie,Mackenzie,Hermiston,male,2018-07-05,7,,,,,,,,,,,,,,3.jpg,1199270192204127,0788285928
77,Hyatt Grant,Grant,Hyatt,male,2018-12-01,7,,,,,,,,,,,,,,4.jpg,1199270119661707,0727200332
79,Baumbach Tito,Tito,Baumbach,male,2018-09-08,7,,,,,,,,,,,,,,2.jpg,1199270102605494,0748986316
81,Morissette Jeremie,Jeremie,Morissette,male,2018-10-06,7,,,,,,,,,,,,,,3.jpg,1199270129170513,0796654003
83,Bergnaum Ian,Ian,Bergnaum,male,2018-01-01,7,,,,,,,,,,,,,,2.jpg,1199270100408144,0772942532
85,Kuphal Bertha,Bertha,Kuphal,male,2018-10-01,7,,,,,,,,,,,,,,5.jpg,1199270167142471,0791985431
87,Schimmel Adam,Adam,Schimmel,male,2018-05-26,7,,,,,,,,,,,,,,3.jpg,1199270196962249,0769293170
89,Berge Keeley,Keeley,Berge,male,2018-03-01,7,,,,,,,,,,,,,,4.jpg,1199270142462962,0725952535
91,Marvin Pierce,Pierce,Marvin,male,2018-10-14,7,,,,,,,,,,,,,,5.jpg,1199270156240413,0746033515
93,Johns Jeremie,Jeremie,Johns,male,2018-07-01,7,,,,,,,,,,,,,,1.jpg,1199270177226654,0748735518
95,Pfeffer Deron,Deron,Pfeffer,male,2018-10-16,7,,,,,,,,,,,,,,2.jpg,1199270183099799,0730421954
97,Connelly Cielo,Cielo,Connelly,male,2018-04-30,6,,,,,,,,,,,,,,4.jpg,1199270193011978,0794214039
99,Baumbach Austin,Austin,Baumbach,male,2018-02-04,6,,,,,,,,,,,,,,2.jpg,1199270107863766,0761804101
101,Bartoletti Casper,Casper,Bartoletti,male,2018-01-16,6,,,,,,,,,,,,,,4.jpg,1199270185911760,0750655448
103,Reynolds Declan,Declan,Reynolds,male,2018-09-30,6,,,,,,,,,,,,,,3.jpg,1199270103784446,0722112298
105,Schaefer Jon,Jon,Schaefer,male,2018-05-07,6,,,,,,,,,,,,,,2.jpg,1199270108561058,0727508048
107,Hoppe Leopoldo,Leopoldo,Hoppe,male,2018-09-30,6,,,,,,,,,,,,,,5.jpg,1199270132069000,0748042115
109,Ziemann Ross,Ross,Ziemann,male,2018-05-06,6,,,,,,,,,,,,,,1.jpg,1199270140848346,0769103745
111,Bechtelar Sylvester,Sylvester,Bechtelar,male,2018-01-04,6,,,,,,,,,,,,,,5.jpg,1199270175557141,0713519446
113,Stroman Berta,Berta,Stroman,male,2018-08-07,6,,,,,,,,,,,,,,5.jpg,1199270102945750,0739744219
35,Zboncak Davon,Davon,Zboncak,male,2018-11-04,7,,,,,,,,,,,,,,4.jpg,1199270128724862,0736559941
34,Dickinson Kariane,Kariane,Dickinson,female,1989-06-06,7,,,,,,,,,,,,,,3.jpg,1199270110590182,0778989569